polisa,os_aneks_fakturaid,naplata_do_period,dolg,lc_bodovi,lc_iznos_bod,promotor_bodovi,lc_presmetki,promotor_presmetki,pricina
20/003789,5813455,10.0,10.0,2,27.72,0,2,0,IMA_PRESMETKA
20/003789,5813456,9.22,10.0,2,27.72,0,0,0,NECELOSNO_NAPLATENA_DO_KRAJ_NA_PERIOD
20/003789,5813467,1.67,1.67,2,27.72,0,2,0,IMA_PRESMETKA
20/003789,5813479,0.7,0.7,2,27.72,0,0,0,LC_BODOVI_NO_NEMA_PRESMETKA
20/003796,5848817,15.0,15.0,1,59.4,0,1,0,IMA_PRESMETKA
20/003796,5848829,1.67,1.67,1,59.4,0,1,0,IMA_PRESMETKA
20/003796,5848841,1.0,1.0,1,59.4,0,0,0,LC_BODOVI_NO_NEMA_PRESMETKA
20/003805,6043382,15.0,15.0,2,72.0,0,2,0,IMA_PRESMETKA
20/003805,6043394,1.67,1.67,2,72.0,0,2,0,IMA_PRESMETKA
20/003805,6043406,1.0,1.0,2,72.0,0,0,0,LC_BODOVI_NO_NEMA_PRESMETKA
20/003809,6043420,18.33,18.33,2,96.8,0,2,0,IMA_PRESMETKA
20/003809,6043421,0.67,0.67,2,96.8,0,0,0,LC_BODOVI_NO_NEMA_PRESMETKA
20/003809,6043443,1.67,1.67,2,96.8,0,2,0,IMA_PRESMETKA
20/003809,6043455,1.24,1.24,2,96.8,0,0,0,LC_BODOVI_NO_NEMA_PRESMETKA
20/003810,6043467,20.0,20.0,2,96.0,0,2,0,IMA_PRESMETKA
20/003810,6043479,1.67,1.67,2,96.0,0,2,0,IMA_PRESMETKA
20/003810,6043491,1.3,1.3,2,96.0,0,0,0,LC_BODOVI_NO_NEMA_PRESMETKA
20/003823,5345831,30.0,30.0,1,194.4,0,1,0,IMA_PRESMETKA
20/003823,5345843,1.76,1.76,1,194.4,0,1,0,IMA_PRESMETKA
20/003823,5345855,1.91,1.91,1,194.4,0,0,0,LC_BODOVI_NO_NEMA_PRESMETKA
20/003832,5404975,20.83,20.83,1,135.0,0,1,0,IMA_PRESMETKA
20/003832,5404987,1.25,1.25,1,135.0,0,0,0,LC_BODOVI_NO_NEMA_PRESMETKA
20/003841,5561161,50.0,50.0,1,372.0,0,1,0,IMA_PRESMETKA
20/003841,5561162,50.0,50.0,1,372.0,0,1,0,IMA_PRESMETKA
20/003841,5561173,1.67,1.67,1,372.0,0,1,0,IMA_PRESMETKA
20/003841,5561174,1.67,1.67,1,372.0,0,1,0,IMA_PRESMETKA
20/003841,5561185,12.95,12.95,1,372.0,0,1,0,IMA_PRESMETKA
20/003841,5561186,12.95,12.95,1,372.0,0,1,0,IMA_PRESMETKA
20/003841,5561197,3.88,3.88,1,372.0,0,0,0,LC_BODOVI_NO_NEMA_PRESMETKA
20/003841,5561198,3.88,3.88,1,372.0,0,0,0,LC_BODOVI_NO_NEMA_PRESMETKA
20/003858,5479519,19.75,19.75,1,39.11,0,1,0,IMA_PRESMETKA
20/003858,5479531,2.0,2.0,1,39.11,0,1,0,IMA_PRESMETKA
20/003858,5479543,2.66,2.66,1,39.11,0,1,0,IMA_PRESMETKA
20/003858,5479555,1.46,1.46,1,39.11,0,0,0,LC_BODOVI_NO_NEMA_PRESMETKA
20/003859,5479570,27.5,27.5,1,54.45,0,1,0,IMA_PRESMETKA
20/003859,5479582,1.67,1.67,1,54.45,0,1,0,IMA_PRESMETKA
20/003859,5479594,1.4,1.4,1,54.45,0,1,0,IMA_PRESMETKA
20/003859,5479606,1.83,1.83,1,54.45,0,0,0,LC_BODOVI_NO_NEMA_PRESMETKA
20/003862,5710838,16.67,16.67,0,0.0,0,0,0,NEMA_BODOVI
20/003862,5710850,1.67,1.67,0,0.0,0,0,0,NEMA_BODOVI
20/003862,5710862,1.1,1.1,0,0.0,0,0,0,NEMA_BODOVI
20/003880,6048546,41.67,41.67,1,380.0,0,1,0,IMA_PRESMETKA
20/003880,6048558,1.67,1.67,1,380.0,0,1,0,IMA_PRESMETKA
20/003880,6048570,5.48,5.48,1,380.0,0,1,0,IMA_PRESMETKA
20/003880,6048582,2.93,2.93,1,380.0,0,0,0,LC_BODOVI_NO_NEMA_PRESMETKA
20/003904,5716148,16.67,16.67,0,0.0,2,0,1,IMA_PRESMETKA
20/003904,5716160,1.67,1.67,0,0.0,2,0,1,IMA_PRESMETKA
20/003904,5716172,3.47,3.47,0,0.0,2,0,0,PROMOTOR_BODOVI_NO_NEMA_PRESMETKA
20/003904,5716184,1.31,1.31,0,0.0,2,0,0,PROMOTOR_BODOVI_NO_NEMA_PRESMETKA
20/003915,6054798,7.83,7.83,0,0.0,6,0,3,IMA_PRESMETKA
20/003915,6054810,0.77,0.77,0,0.0,6,0,0,PROMOTOR_BODOVI_NO_NEMA_PRESMETKA
20/003915,6054822,0.83,0.83,0,0.0,6,0,3,IMA_PRESMETKA
20/003915,6054834,0.57,0.57,0,0.0,6,0,0,PROMOTOR_BODOVI_NO_NEMA_PRESMETKA
20/003916,6054846,7.83,7.83,0,0.0,6,0,3,IMA_PRESMETKA
20/003916,6054858,0.83,0.83,0,0.0,6,0,3,IMA_PRESMETKA
20/003916,6054870,0.77,0.77,0,0.0,6,0,0,PROMOTOR_BODOVI_NO_NEMA_PRESMETKA
20/003916,6054882,0.57,0.57,0,0.0,6,0,0,PROMOTOR_BODOVI_NO_NEMA_PRESMETKA
20/003917,6054894,7.83,7.83,0,0.0,6,0,3,IMA_PRESMETKA
20/003917,6054906,0.83,0.83,0,0.0,6,0,3,IMA_PRESMETKA
20/003917,6054918,0.77,0.77,0,0.0,6,0,0,PROMOTOR_BODOVI_NO_NEMA_PRESMETKA
20/003917,6054930,0.57,0.57,0,0.0,6,0,0,PROMOTOR_BODOVI_NO_NEMA_PRESMETKA
20/003918,6054942,7.83,7.83,0,0.0,6,0,3,IMA_PRESMETKA
20/003918,6054954,0.77,0.77,0,0.0,6,0,0,PROMOTOR_BODOVI_NO_NEMA_PRESMETKA
20/003918,6054966,0.83,0.83,0,0.0,6,0,3,IMA_PRESMETKA
20/003918,6054978,0.57,0.57,0,0.0,6,0,0,PROMOTOR_BODOVI_NO_NEMA_PRESMETKA
20/003919,6054558,7.83,7.83,0,0.0,6,0,3,IMA_PRESMETKA
20/003919,6054570,0.77,0.77,0,0.0,6,0,0,PROMOTOR_BODOVI_NO_NEMA_PRESMETKA
20/003919,6054582,0.83,0.83,0,0.0,6,0,3,IMA_PRESMETKA
20/003919,6054594,0.57,0.57,0,0.0,6,0,0,PROMOTOR_BODOVI_NO_NEMA_PRESMETKA
20/003920,6055038,7.83,7.83,0,0.0,6,0,3,IMA_PRESMETKA
20/003920,6055050,0.77,0.77,0,0.0,6,0,0,PROMOTOR_BODOVI_NO_NEMA_PRESMETKA
20/003920,6055062,0.83,0.83,0,0.0,6,0,3,IMA_PRESMETKA
20/003920,6055074,0.57,0.57,0,0.0,6,0,0,PROMOTOR_BODOVI_NO_NEMA_PRESMETKA
20/003921,6055134,17.25,17.25,0,0.0,6,0,3,IMA_PRESMETKA
20/003921,6055146,0.79,0.79,0,0.0,6,0,0,PROMOTOR_BODOVI_NO_NEMA_PRESMETKA
20/003921,6055158,0.83,0.83,0,0.0,6,0,3,IMA_PRESMETKA
20/003921,6055170,1.13,1.13,0,0.0,6,0,0,PROMOTOR_BODOVI_NO_NEMA_PRESMETKA
20/003922,6055182,0.77,0.77,0,0.0,6,0,0,PROMOTOR_BODOVI_NO_NEMA_PRESMETKA
20/003922,6055194,7.83,7.83,0,0.0,6,0,3,IMA_PRESMETKA
20/003922,6055206,0.83,0.83,0,0.0,6,0,3,IMA_PRESMETKA
20/003922,6055218,0.57,0.57,0,0.0,6,0,0,PROMOTOR_BODOVI_NO_NEMA_PRESMETKA
20/003923,6055230,7.83,7.83,0,0.0,6,0,3,IMA_PRESMETKA
20/003923,6055242,0.77,0.77,0,0.0,6,0,0,PROMOTOR_BODOVI_NO_NEMA_PRESMETKA
20/003923,6055254,0.83,0.83,0,0.0,6,0,3,IMA_PRESMETKA
20/003923,6055266,0.57,0.57,0,0.0,6,0,0,PROMOTOR_BODOVI_NO_NEMA_PRESMETKA
20/003924,6055278,7.83,7.83,0,0.0,6,0,3,IMA_PRESMETKA
20/003924,6055290,0.77,0.77,0,0.0,6,0,0,PROMOTOR_BODOVI_NO_NEMA_PRESMETKA
20/003924,6055302,0.83,0.83,0,0.0,6,0,3,IMA_PRESMETKA
20/003924,6055314,0.57,0.57,0,0.0,6,0,0,PROMOTOR_BODOVI_NO_NEMA_PRESMETKA
20/003925,6055326,0.83,0.83,0,0.0,6,0,3,IMA_PRESMETKA
20/003925,6055338,7.83,7.83,0,0.0,6,0,3,IMA_PRESMETKA
20/003925,6055350,0.77,0.77,0,0.0,6,0,0,PROMOTOR_BODOVI_NO_NEMA_PRESMETKA
20/003925,6055362,0.57,0.57,0,0.0,6,0,0,PROMOTOR_BODOVI_NO_NEMA_PRESMETKA
20/003926,6055374,7.83,7.83,0,0.0,6,0,3,IMA_PRESMETKA
20/003926,6055386,0.83,0.83,0,0.0,6,0,3,IMA_PRESMETKA
20/003926,6055398,0.77,0.77,0,0.0,6,0,0,PROMOTOR_BODOVI_NO_NEMA_PRESMETKA
20/003926,6055410,0.57,0.57,0,0.0,6,0,0,PROMOTOR_BODOVI_NO_NEMA_PRESMETKA
20/003927,6055422,7.83,7.83,0,0.0,6,0,3,IMA_PRESMETKA
20/003927,6055434,0.77,0.77,0,0.0,6,0,0,PROMOTOR_BODOVI_NO_NEMA_PRESMETKA
20/003927,6055446,0.83,0.83,0,0.0,6,0,3,IMA_PRESMETKA
20/003927,6055458,0.57,0.57,0,0.0,6,0,0,PROMOTOR_BODOVI_NO_NEMA_PRESMETKA
20/003928,6055470,0.77,0.77,0,0.0,6,0,0,PROMOTOR_BODOVI_NO_NEMA_PRESMETKA
20/003928,6055482,7.83,7.83,0,0.0,6,0,3,IMA_PRESMETKA
20/003928,6055494,0.83,0.83,0,0.0,6,0,3,IMA_PRESMETKA
20/003928,6055506,0.57,0.57,0,0.0,6,0,0,PROMOTOR_BODOVI_NO_NEMA_PRESMETKA
20/003929,6055086,0.77,0.77,0,0.0,6,0,0,PROMOTOR_BODOVI_NO_NEMA_PRESMETKA
20/003929,6055098,7.83,7.83,0,0.0,6,0,3,IMA_PRESMETKA
20/003929,6055110,0.83,0.83,0,0.0,6,0,3,IMA_PRESMETKA
20/003929,6055122,0.57,0.57,0,0.0,6,0,0,PROMOTOR_BODOVI_NO_NEMA_PRESMETKA
20/003930,6055518,0.77,0.77,0,0.0,6,0,0,PROMOTOR_BODOVI_NO_NEMA_PRESMETKA
20/003930,6055530,7.83,7.83,0,0.0,6,0,3,IMA_PRESMETKA
20/003930,6055542,0.83,0.83,0,0.0,6,0,3,IMA_PRESMETKA
20/003930,6055554,0.57,0.57,0,0.0,6,0,0,PROMOTOR_BODOVI_NO_NEMA_PRESMETKA
20/003931,6055566,7.83,7.83,0,0.0,6,0,3,IMA_PRESMETKA
20/003931,6055578,0.77,0.77,0,0.0,6,0,0,PROMOTOR_BODOVI_NO_NEMA_PRESMETKA
20/003931,6055590,0.83,0.83,0,0.0,6,0,3,IMA_PRESMETKA
20/003931,6055602,0.57,0.57,0,0.0,6,0,0,PROMOTOR_BODOVI_NO_NEMA_PRESMETKA
20/003932,6055614,7.83,7.83,0,0.0,6,0,3,IMA_PRESMETKA
20/003932,6055626,0.83,0.83,0,0.0,6,0,3,IMA_PRESMETKA
20/003932,6055638,0.77,0.77,0,0.0,6,0,0,PROMOTOR_BODOVI_NO_NEMA_PRESMETKA
20/003932,6055650,0.57,0.57,0,0.0,6,0,0,PROMOTOR_BODOVI_NO_NEMA_PRESMETKA
20/003933,6055662,7.83,7.83,0,0.0,6,0,3,IMA_PRESMETKA
20/003933,6055674,0.83,0.83,0,0.0,6,0,3,IMA_PRESMETKA
20/003933,6055686,0.77,0.77,0,0.0,6,0,0,PROMOTOR_BODOVI_NO_NEMA_PRESMETKA
20/003933,6055698,0.57,0.57,0,0.0,6,0,0,PROMOTOR_BODOVI_NO_NEMA_PRESMETKA
20/003934,6055710,7.83,7.83,0,0.0,6,0,3,IMA_PRESMETKA
20/003934,6055722,0.77,0.77,0,0.0,6,0,0,PROMOTOR_BODOVI_NO_NEMA_PRESMETKA
20/003934,6055734,0.83,0.83,0,0.0,6,0,3,IMA_PRESMETKA
20/003934,6055746,0.57,0.57,0,0.0,6,0,0,PROMOTOR_BODOVI_NO_NEMA_PRESMETKA
20/003935,6055781,7.83,7.83,0,0.0,6,0,3,IMA_PRESMETKA
20/003935,6055793,0.77,0.77,0,0.0,6,0,0,PROMOTOR_BODOVI_NO_NEMA_PRESMETKA
20/003935,6055805,0.83,0.83,0,0.0,6,0,3,IMA_PRESMETKA
20/003935,6055817,0.57,0.57,0,0.0,6,0,0,PROMOTOR_BODOVI_NO_NEMA_PRESMETKA
20/003936,6055830,7.83,7.83,0,0.0,6,0,3,IMA_PRESMETKA
20/003936,6055842,0.77,0.77,0,0.0,6,0,0,PROMOTOR_BODOVI_NO_NEMA_PRESMETKA
20/003936,6055854,0.83,0.83,0,0.0,6,0,3,IMA_PRESMETKA
20/003936,6055866,0.57,0.57,0,0.0,6,0,0,PROMOTOR_BODOVI_NO_NEMA_PRESMETKA
20/003937,6011933,7.83,7.83,0,0.0,6,0,3,IMA_PRESMETKA
20/003937,6011945,0.77,0.77,0,0.0,6,0,0,PROMOTOR_BODOVI_NO_NEMA_PRESMETKA
20/003937,6011957,0.83,0.83,0,0.0,6,0,3,IMA_PRESMETKA
20/003937,6011969,0.57,0.57,0,0.0,6,0,0,PROMOTOR_BODOVI_NO_NEMA_PRESMETKA
20/003938,6055878,0.79,0.79,0,0.0,6,0,0,PROMOTOR_BODOVI_NO_NEMA_PRESMETKA
20/003938,6055890,0.83,0.83,0,0.0,6,0,3,IMA_PRESMETKA
20/003938,6055902,17.25,17.25,0,0.0,6,0,3,IMA_PRESMETKA
20/003938,6055914,1.13,1.13,0,0.0,6,0,0,PROMOTOR_BODOVI_NO_NEMA_PRESMETKA
20/003939,6055926,26.67,26.67,0,0.0,6,0,3,IMA_PRESMETKA
20/003939,6055938,0.8,0.8,0,0.0,6,0,0,PROMOTOR_BODOVI_NO_NEMA_PRESMETKA
20/003939,6055950,0.83,0.83,0,0.0,6,0,3,IMA_PRESMETKA
20/003939,6055962,1.7,1.7,0,0.0,6,0,0,PROMOTOR_BODOVI_NO_NEMA_PRESMETKA
20/003940,6055974,7.83,7.83,0,0.0,6,0,3,IMA_PRESMETKA
20/003940,6055986,0.77,0.77,0,0.0,6,0,0,PROMOTOR_BODOVI_NO_NEMA_PRESMETKA
20/003940,6055998,0.83,0.83,0,0.0,6,0,3,IMA_PRESMETKA
20/003940,6056010,0.57,0.57,0,0.0,6,0,0,PROMOTOR_BODOVI_NO_NEMA_PRESMETKA
20/003941,5759974,7.83,7.83,0,0.0,6,0,3,IMA_PRESMETKA
20/003941,5759986,0.77,0.77,0,0.0,6,0,0,PROMOTOR_BODOVI_NO_NEMA_PRESMETKA
20/003941,5759998,0.83,0.83,0,0.0,6,0,3,IMA_PRESMETKA
20/003941,5760010,0.57,0.57,0,0.0,6,0,0,PROMOTOR_BODOVI_NO_NEMA_PRESMETKA
20/003942,6056022,7.83,7.83,0,0.0,6,0,3,IMA_PRESMETKA
20/003942,6056034,0.77,0.77,0,0.0,6,0,0,PROMOTOR_BODOVI_NO_NEMA_PRESMETKA
20/003942,6056046,0.83,0.83,0,0.0,6,0,3,IMA_PRESMETKA
20/003942,6056058,0.57,0.57,0,0.0,6,0,0,PROMOTOR_BODOVI_NO_NEMA_PRESMETKA
20/003943,6056070,7.83,7.83,0,0.0,6,0,3,IMA_PRESMETKA
20/003943,6056082,0.77,0.77,0,0.0,6,0,0,PROMOTOR_BODOVI_NO_NEMA_PRESMETKA
20/003943,6056094,0.83,0.83,0,0.0,6,0,3,IMA_PRESMETKA
20/003943,6056106,0.57,0.57,0,0.0,6,0,0,PROMOTOR_BODOVI_NO_NEMA_PRESMETKA
20/003944,6056117,7.83,7.83,0,0.0,0,0,3,IMA_PRESMETKA
20/003944,6056129,0.77,0.77,0,0.0,0,0,0,NEMA_BODOVI
20/003944,6056141,0.83,0.83,0,0.0,0,0,3,IMA_PRESMETKA
20/003944,6056153,0.57,0.57,0,0.0,0,0,0,NEMA_BODOVI
20/003946,6056214,0.8,0.8,0,0.0,6,0,0,PROMOTOR_BODOVI_NO_NEMA_PRESMETKA
20/003946,6056226,0.83,0.83,0,0.0,6,0,3,IMA_PRESMETKA
20/003946,6056238,17.25,17.25,0,0.0,6,0,3,IMA_PRESMETKA
20/003946,6056250,1.13,1.13,0,0.0,6,0,0,PROMOTOR_BODOVI_NO_NEMA_PRESMETKA
20/003947,6056262,0.83,0.83,0,0.0,6,0,3,IMA_PRESMETKA
20/003947,6056274,7.83,7.83,0,0.0,6,0,3,IMA_PRESMETKA
20/003947,6056286,0.77,0.77,0,0.0,6,0,0,PROMOTOR_BODOVI_NO_NEMA_PRESMETKA
20/003947,6056298,0.57,0.57,0,0.0,6,0,0,PROMOTOR_BODOVI_NO_NEMA_PRESMETKA
20/003948,6056310,0.69,0.69,0,0.0,6,0,0,PROMOTOR_BODOVI_NO_NEMA_PRESMETKA
20/003948,6056322,7.92,7.92,0,0.0,6,0,3,IMA_PRESMETKA
20/003948,6056334,0.83,0.83,0,0.0,6,0,3,IMA_PRESMETKA
20/003948,6056346,0.57,0.57,0,0.0,6,0,0,PROMOTOR_BODOVI_NO_NEMA_PRESMETKA
20/003949,6056381,0.79,0.79,0,0.0,6,0,0,PROMOTOR_BODOVI_NO_NEMA_PRESMETKA
20/003949,6056382,0.4,0.79,0,0.0,6,0,0,NECELOSNO_NAPLATENA_DO_KRAJ_NA_PERIOD
20/003949,6056393,17.25,17.25,0,0.0,6,0,4,IMA_PRESMETKA
20/003949,6056394,8.63,17.25,0,0.0,6,0,0,NECELOSNO_NAPLATENA_DO_KRAJ_NA_PERIOD
20/003949,6056405,0.83,0.83,0,0.0,6,0,4,IMA_PRESMETKA
20/003949,6056406,0.42,0.83,0,0.0,6,0,0,NECELOSNO_NAPLATENA_DO_KRAJ_NA_PERIOD
20/003949,6056417,1.13,1.13,0,0.0,6,0,0,PROMOTOR_BODOVI_NO_NEMA_PRESMETKA
20/003949,6056418,0.57,1.13,0,0.0,6,0,0,NECELOSNO_NAPLATENA_DO_KRAJ_NA_PERIOD
20/004236,5296115,7.83,7.83,0,0.0,10,0,4,IMA_PRESMETKA
20/004236,5296127,0.83,0.83,0,0.0,10,0,4,IMA_PRESMETKA
20/004236,5296139,0.77,0.77,0,0.0,10,0,0,PROMOTOR_BODOVI_NO_NEMA_PRESMETKA
20/004236,5296151,0.57,0.57,0,0.0,10,0,0,PROMOTOR_BODOVI_NO_NEMA_PRESMETKA
20/004237,5296163,0.77,0.77,0,0.0,8,0,0,PROMOTOR_BODOVI_NO_NEMA_PRESMETKA
20/004237,5296175,0.83,0.83,0,0.0,8,0,4,IMA_PRESMETKA
20/004237,5296187,7.83,7.83,0,0.0,8,0,4,IMA_PRESMETKA
20/004237,5296199,0.57,0.57,0,0.0,8,0,0,PROMOTOR_BODOVI_NO_NEMA_PRESMETKA
20/004239,5296258,0.77,0.77,0,0.0,8,0,0,PROMOTOR_BODOVI_NO_NEMA_PRESMETKA
20/004239,5296270,0.83,0.83,0,0.0,8,0,4,IMA_PRESMETKA
20/004239,5296282,7.83,7.83,0,0.0,8,0,4,IMA_PRESMETKA
20/004239,5296294,0.57,0.57,0,0.0,8,0,0,PROMOTOR_BODOVI_NO_NEMA_PRESMETKA
20/004240,6136870,0.79,0.79,0,0.0,8,0,0,PROMOTOR_BODOVI_NO_NEMA_PRESMETKA
20/004240,6136882,0.83,0.83,0,0.0,8,0,4,IMA_PRESMETKA
20/004240,6136894,17.25,17.25,0,0.0,8,0,4,IMA_PRESMETKA
20/004240,6136906,1.13,1.13,0,0.0,8,0,0,PROMOTOR_BODOVI_NO_NEMA_PRESMETKA
20/004241,5296403,0.79,0.79,0,0.0,9,0,0,PROMOTOR_BODOVI_NO_NEMA_PRESMETKA
20/004241,5296415,0.83,0.83,0,0.0,9,0,4,IMA_PRESMETKA
20/004241,5296427,17.25,17.25,0,0.0,9,0,4,IMA_PRESMETKA
20/004241,5296439,1.13,1.13,0,0.0,9,0,0,PROMOTOR_BODOVI_NO_NEMA_PRESMETKA
20/004243,5296511,0.79,0.79,0,0.0,11,0,0,PROMOTOR_BODOVI_NO_NEMA_PRESMETKA
20/004243,5296523,0.83,0.83,0,0.0,11,0,4,IMA_PRESMETKA
20/004243,5296535,17.25,17.25,0,0.0,11,0,4,IMA_PRESMETKA
20/004243,5296547,1.13,1.13,0,0.0,11,0,0,PROMOTOR_BODOVI_NO_NEMA_PRESMETKA
20/004249,5299496,0.79,0.79,0,0.0,9,0,0,PROMOTOR_BODOVI_NO_NEMA_PRESMETKA
20/004249,5299508,0.83,0.83,0,0.0,9,0,4,IMA_PRESMETKA
20/004249,5299520,17.25,17.25,0,0.0,9,0,4,IMA_PRESMETKA
20/004249,5299532,1.13,1.13,0,0.0,9,0,0,PROMOTOR_BODOVI_NO_NEMA_PRESMETKA
20/004250,5299569,0.77,0.77,0,0.0,9,0,0,PROMOTOR_BODOVI_NO_NEMA_PRESMETKA
20/004250,5299581,0.83,0.83,0,0.0,9,0,4,IMA_PRESMETKA
20/004250,5299593,7.83,7.83,0,0.0,9,0,4,IMA_PRESMETKA
20/004250,5299605,0.57,0.57,0,0.0,9,0,0,PROMOTOR_BODOVI_NO_NEMA_PRESMETKA
20/004272,5532026,0.83,0.83,0,0.0,6,0,3,IMA_PRESMETKA
20/004272,5532038,0.77,0.77,0,0.0,6,0,0,PROMOTOR_BODOVI_NO_NEMA_PRESMETKA
20/004272,5532050,7.83,7.83,0,0.0,6,0,3,IMA_PRESMETKA
20/004272,5532062,0.57,0.57,0,0.0,6,0,0,PROMOTOR_BODOVI_NO_NEMA_PRESMETKA
20/004277,5680777,17.25,17.25,0,0.0,6,0,3,IMA_PRESMETKA
20/004277,5680789,0.83,0.83,0,0.0,6,0,3,IMA_PRESMETKA
20/004277,5680801,0.79,0.79,0,0.0,6,0,0,PROMOTOR_BODOVI_NO_NEMA_PRESMETKA
20/004277,5680813,1.13,1.13,0,0.0,6,0,0,PROMOTOR_BODOVI_NO_NEMA_PRESMETKA
25/003789,5275685,31.58,31.58,0,0.0,0,1,0,IMA_PRESMETKA
25/003789,5275686,19.19,31.58,0,0.0,0,1,0,IMA_PRESMETKA
25/003789,5275697,1.9,1.9,0,0.0,0,0,0,NEMA_BODOVI
25/007075,5479860,11.58,11.58,0,0.0,0,1,0,IMA_PRESMETKA
25/007075,5479861,2.92,2.92,0,0.0,0,0,0,NEMA_BODOVI
25/007075,5479879,1.67,1.67,0,0.0,0,1,0,IMA_PRESMETKA
25/007075,5479891,0.97,0.97,0,0.0,0,0,0,NEMA_BODOVI
26/000837,5858323,50.0,50.0,1,396.0,0,1,0,IMA_PRESMETKA
26/000837,5858324,50.0,50.0,1,396.0,0,1,0,IMA_PRESMETKA
26/000837,5858335,3.0,3.0,1,396.0,0,0,0,LC_BODOVI_NO_NEMA_PRESMETKA
26/000837,5858336,3.0,3.0,1,396.0,0,0,0,LC_BODOVI_NO_NEMA_PRESMETKA
26/000840,5858349,47.83,47.83,1,378.84,0,1,0,IMA_PRESMETKA
26/000840,5858350,2.17,2.17,1,378.84,0,0,0,LC_BODOVI_NO_NEMA_PRESMETKA
26/000840,5858351,47.83,47.83,1,378.84,0,1,0,IMA_PRESMETKA
26/000840,5858352,2.17,2.17,1,378.84,0,0,0,LC_BODOVI_NO_NEMA_PRESMETKA
26/000840,5858372,3.0,3.0,1,378.84,0,0,0,LC_BODOVI_NO_NEMA_PRESMETKA
26/000840,5858373,3.0,3.0,1,378.84,0,0,0,LC_BODOVI_NO_NEMA_PRESMETKA
26/000849,6187661,331.0,331.0,1,397.2,0,1,0,IMA_PRESMETKA
26/000849,6187662,19.0,19.0,1,397.2,0,0,0,LC_BODOVI_NO_NEMA_PRESMETKA
26/000849,6187665,10.0,10.0,1,397.2,0,1,0,IMA_PRESMETKA
26/000849,6187667,9.36,9.36,1,397.2,0,0,0,LC_BODOVI_NO_NEMA_PRESMETKA
28/004682,6043610,400.0,400.0,1,240.0,0,1,0,IMA_PRESMETKA
28/004682,6043611,20.0,20.0,1,240.0,0,1,0,IMA_PRESMETKA
28/004682,6043612,26.22,26.22,1,240.0,0,1,0,IMA_PRESMETKA
28/004696,6036976,30.0,30.0,3,216.0,0,2,0,IMA_PRESMETKA
28/004696,6036988,4.17,4.17,3,216.0,0,3,0,IMA_PRESMETKA
28/004702,5157344,30.0,30.0,0,0.0,0,0,0,NEMA_BODOVI
28/004702,5157345,30.0,30.0,0,0.0,0,0,0,NEMA_BODOVI
28/004702,5157357,1.18,1.18,0,0.0,0,0,0,NEMA_BODOVI
28/004702,6043900,30.0,30.0,0,0.0,0,0,0,NEMA_BODOVI
28/004702,6043912,1.18,1.18,0,0.0,0,0,0,NEMA_BODOVI
28/004713,6120085,58.33,58.33,0,0.0,2,0,1,IMA_PRESMETKA
28/004713,6120097,1.67,1.67,0,0.0,2,0,1,IMA_PRESMETKA
28/004713,6120109,7.54,7.54,0,0.0,2,0,0,PROMOTOR_BODOVI_NO_NEMA_PRESMETKA
28/004753,5273608,83.33,83.33,0,0.0,0,0,0,NEMA_BODOVI
28/004753,5273620,3.33,3.33,0,0.0,0,0,0,NEMA_BODOVI
28/004753,5273632,21.58,21.58,0,0.0,0,0,0,NEMA_BODOVI
28/004754,5273643,83.33,83.33,0,0.0,0,0,0,NEMA_BODOVI
28/004754,5273644,83.33,83.33,0,0.0,0,0,0,NEMA_BODOVI
28/004765,6207928,150.0,150.0,0,0.0,0,0,2,IMA_PRESMETKA
28/004766,6505504,90.0,90.0,0,0.0,0,0,0,NEMA_BODOVI
28/004766,6505505,5.0,5.0,0,0.0,0,0,0,NEMA_BODOVI
28/004766,6505506,4.14,4.14,0,0.0,0,0,0,NEMA_BODOVI
28/004766,6505507,4.14,4.14,0,0.0,0,0,0,NEMA_BODOVI
28/004766,6505508,90.0,90.0,0,0.0,0,0,0,NEMA_BODOVI
28/004766,6505509,5.0,5.0,0,0.0,0,0,0,NEMA_BODOVI
28/004770,5273706,50.0,50.0,1,372.0,0,1,0,IMA_PRESMETKA
28/004770,6187565,50.0,50.0,1,372.0,0,1,0,IMA_PRESMETKA
28/004771,5273718,50.0,50.0,1,372.0,0,1,0,IMA_PRESMETKA
28/004771,6187577,50.0,50.0,1,372.0,0,1,0,IMA_PRESMETKA
28/004771,6187589,1.67,1.67,1,372.0,0,1,0,IMA_PRESMETKA
28/004771,6187601,10.79,10.79,1,372.0,0,1,0,IMA_PRESMETKA
28/004814,5383780,30.0,30.0,0,0.0,26,0,2,IMA_PRESMETKA
28/004814,5383781,9.46,30.0,0,0.0,26,0,0,NECELOSNO_NAPLATENA_DO_KRAJ_NA_PERIOD
28/004814,5383792,7.09,7.09,0,0.0,26,0,0,PROMOTOR_BODOVI_NO_NEMA_PRESMETKA
28/004814,5383804,1.67,1.67,0,0.0,26,0,1,IMA_PRESMETKA
28/004866,5473616,125.0,125.0,2,930.0,0,1,0,IMA_PRESMETKA
28/004866,5473617,125.0,125.0,2,930.0,0,1,0,IMA_PRESMETKA
28/004867,5452467,125.0,125.0,2,930.0,0,1,0,IMA_PRESMETKA
28/004867,5452479,19.31,19.31,2,930.0,0,2,0,IMA_PRESMETKA
28/004948,5542323,33.33,33.33,2,223.2,0,1,0,IMA_PRESMETKA
28/004948,5542324,33.33,33.33,2,223.2,0,1,0,IMA_PRESMETKA
28/004948,5542325,33.33,33.33,2,223.2,0,1,0,IMA_PRESMETKA
28/004948,5542326,33.33,33.33,2,223.2,0,1,0,IMA_PRESMETKA
28/004948,5542327,20.89,33.33,2,223.2,0,0,0,NECELOSNO_NAPLATENA_DO_KRAJ_NA_PERIOD
28/004948,5542337,1.67,1.67,2,223.2,0,2,0,IMA_PRESMETKA
28/004948,5542338,1.67,1.67,2,223.2,0,2,0,IMA_PRESMETKA
28/005018,5613741,30.0,30.0,1,97.2,0,1,0,IMA_PRESMETKA
28/005018,5613742,16.74,30.0,1,97.2,0,0,0,NECELOSNO_NAPLATENA_DO_KRAJ_NA_PERIOD
28/005018,5613753,1.67,1.67,1,97.2,0,1,0,IMA_PRESMETKA
28/005018,5613765,5.93,5.93,1,97.2,0,1,0,IMA_PRESMETKA
28/005020,5676105,30.0,30.0,0,0.0,26,0,2,IMA_PRESMETKA
28/005020,5676106,21.74,30.0,0,0.0,26,0,0,NECELOSNO_NAPLATENA_DO_KRAJ_NA_PERIOD
28/005020,5676117,1.67,1.67,0,0.0,26,0,1,IMA_PRESMETKA
28/005020,5676129,7.02,7.02,0,0.0,26,0,0,PROMOTOR_BODOVI_NO_NEMA_PRESMETKA
28/005053,5785204,30.0,30.0,0,0.0,4,0,2,IMA_PRESMETKA
28/005053,5785205,1.73,30.0,0,0.0,4,0,0,NECELOSNO_NAPLATENA_DO_KRAJ_NA_PERIOD
28/005053,5785216,1.67,1.67,0,0.0,4,0,2,IMA_PRESMETKA
28/005053,5785228,3.97,3.97,0,0.0,4,0,0,PROMOTOR_BODOVI_NO_NEMA_PRESMETKA
28/005054,5785238,41.67,41.67,0,0.0,6,0,4,IMA_PRESMETKA
28/005054,5785239,41.67,41.67,0,0.0,6,0,3,IMA_PRESMETKA
28/005054,5785240,23.54,41.67,0,0.0,6,0,0,NECELOSNO_NAPLATENA_DO_KRAJ_NA_PERIOD
28/005054,5785250,1.67,1.67,0,0.0,6,0,3,IMA_PRESMETKA
28/005054,5785251,1.67,1.67,0,0.0,6,0,3,IMA_PRESMETKA
28/005054,5785262,5.49,5.49,0,0.0,6,0,0,PROMOTOR_BODOVI_NO_NEMA_PRESMETKA
28/005054,5785263,5.49,5.49,0,0.0,6,0,0,PROMOTOR_BODOVI_NO_NEMA_PRESMETKA
28/005121,5953620,50.0,50.0,1,297.0,0,1,0,IMA_PRESMETKA
28/005121,5953632,8.96,8.96,1,297.0,0,1,0,IMA_PRESMETKA
28/005122,5953644,50.0,50.0,1,297.0,0,1,0,IMA_PRESMETKA
28/005122,5953656,7.64,7.64,1,297.0,0,1,0,IMA_PRESMETKA
28/005135,5953739,37.5,37.5,0,0.0,28,0,4,IMA_PRESMETKA
28/005135,5953740,27.12,37.5,0,0.0,28,0,0,NECELOSNO_NAPLATENA_DO_KRAJ_NA_PERIOD
28/005135,5953751,1.67,1.67,0,0.0,28,0,2,IMA_PRESMETKA
28/005135,5953763,10.17,10.17,0,0.0,28,0,0,PROMOTOR_BODOVI_NO_NEMA_PRESMETKA
28/005145,5943323,41.67,41.67,1,270.0,0,1,0,IMA_PRESMETKA
28/005145,5943324,4.8,41.67,1,270.0,0,0,0,NECELOSNO_NAPLATENA_DO_KRAJ_NA_PERIOD
28/005178,6012686,30.0,30.0,0,0.0,26,0,2,IMA_PRESMETKA
28/005178,6012687,22.18,30.0,0,0.0,26,0,0,NECELOSNO_NAPLATENA_DO_KRAJ_NA_PERIOD
28/005178,6012698,1.67,1.67,0,0.0,26,0,1,IMA_PRESMETKA
28/005178,6012710,3.69,3.69,0,0.0,26,0,0,PROMOTOR_BODOVI_NO_NEMA_PRESMETKA
28/005211,6074037,5.0,5.0,0,0.0,2,0,1,IMA_PRESMETKA
28/005211,6074049,30.3,30.3,0,0.0,2,0,0,PROMOTOR_BODOVI_NO_NEMA_PRESMETKA
28/005211,6074061,171.33,171.33,0,0.0,2,0,1,IMA_PRESMETKA
28/005517,5716227,30.0,30.0,0,0.0,2,0,1,IMA_PRESMETKA
28/005517,5716228,30.0,30.0,0,0.0,2,0,1,IMA_PRESMETKA
28/005517,5716239,1.67,1.67,0,0.0,2,0,1,IMA_PRESMETKA
28/005517,5716240,1.67,1.67,0,0.0,2,0,1,IMA_PRESMETKA
28/005517,5716251,2.63,2.63,0,0.0,2,0,0,PROMOTOR_BODOVI_NO_NEMA_PRESMETKA
28/005517,5716252,2.63,2.63,0,0.0,2,0,0,PROMOTOR_BODOVI_NO_NEMA_PRESMETKA
28/005555,5791367,30.0,30.0,0,0.0,26,0,2,IMA_PRESMETKA
28/005555,5791368,12.73,30.0,0,0.0,26,0,0,NECELOSNO_NAPLATENA_DO_KRAJ_NA_PERIOD
28/005555,5791379,1.67,1.67,0,0.0,26,0,1,IMA_PRESMETKA
28/005555,5791391,10.65,10.65,0,0.0,26,0,0,PROMOTOR_BODOVI_NO_NEMA_PRESMETKA
28/005586,5859751,41.67,41.67,0,0.0,2,0,1,IMA_PRESMETKA
28/005586,5859763,1.67,1.67,0,0.0,2,0,1,IMA_PRESMETKA
28/005586,5859775,5.95,5.95,0,0.0,2,0,0,PROMOTOR_BODOVI_NO_NEMA_PRESMETKA
28/005602,5957806,50.0,50.0,0,0.0,0,0,0,NEMA_BODOVI
28/005602,5957807,50.0,50.0,0,0.0,0,0,0,NEMA_BODOVI
28/005667,5236254,50.0,50.0,0,0.0,8,0,3,IMA_PRESMETKA
28/005667,6056752,50.0,50.0,0,0.0,8,0,3,IMA_PRESMETKA
28/005667,6056764,1.67,1.67,0,0.0,8,0,3,IMA_PRESMETKA
28/005667,6056776,7.59,7.59,0,0.0,8,0,0,PROMOTOR_BODOVI_NO_NEMA_PRESMETKA
28/005756,5393385,1.67,1.67,0,0.0,0,0,0,NEMA_BODOVI
28/005756,5393397,80.0,80.0,0,0.0,0,0,0,NEMA_BODOVI
28/005764,5426892,80.0,80.0,0,0.0,0,0,0,NEMA_BODOVI
28/005764,5426904,1.67,1.67,0,0.0,0,0,0,NEMA_BODOVI
28/005812,5592918,30.0,30.0,0,0.0,28,0,4,IMA_PRESMETKA
28/005812,5592919,13.6,30.0,0,0.0,28,0,0,NECELOSNO_NAPLATENA_DO_KRAJ_NA_PERIOD
28/005812,5592930,1.67,1.67,0,0.0,28,0,4,IMA_PRESMETKA
28/005812,5592942,6.94,6.94,0,0.0,28,0,0,PROMOTOR_BODOVI_NO_NEMA_PRESMETKA
28/005831,5662924,100.0,100.0,5,1122.32,0,4,0,IMA_PRESMETKA
28/005831,5662925,100.0,100.0,5,1122.32,0,4,0,IMA_PRESMETKA
28/005831,5662936,1.67,1.67,5,1122.32,0,4,0,IMA_PRESMETKA
28/005831,5662937,1.67,1.67,5,1122.32,0,4,0,IMA_PRESMETKA
28/005831,5662948,2.25,2.25,5,1122.32,0,4,0,IMA_PRESMETKA
28/005831,5662949,2.25,2.25,5,1122.32,0,0,0,LC_BODOVI_NO_NEMA_PRESMETKA
28/005834,5663097,45.83,45.83,0,0.0,0,0,0,NEMA_BODOVI
28/005834,5663098,45.83,45.83,0,0.0,0,0,0,NEMA_BODOVI
28/005834,5663099,45.83,45.83,0,0.0,0,0,0,NEMA_BODOVI
28/005834,5663111,1.67,1.67,0,0.0,0,0,0,NEMA_BODOVI
28/005834,5663123,2.03,2.03,0,0.0,0,0,0,NEMA_BODOVI
28/005910,5771874,33.33,33.33,0,0.0,0,0,0,NEMA_BODOVI
28/005910,5771886,1.67,1.67,0,0.0,0,0,0,NEMA_BODOVI
28/006114,6518046,50.0,50.0,4,533.72,0,3,0,IMA_PRESMETKA
28/006114,6518047,50.0,50.0,4,533.72,0,3,0,IMA_PRESMETKA
28/006114,6518058,12.56,12.56,4,533.72,0,0,0,LC_BODOVI_NO_NEMA_PRESMETKA
28/006114,6518059,12.56,12.56,4,533.72,0,3,0,IMA_PRESMETKA
28/006114,6518070,3.33,3.33,4,533.72,0,3,0,IMA_PRESMETKA
28/006114,6518071,3.33,3.33,4,533.72,0,3,0,IMA_PRESMETKA
30/000545,6043614,18.33,18.33,3,79.2,0,2,0,IMA_PRESMETKA
30/000545,6043626,4.17,4.17,3,79.2,0,3,0,IMA_PRESMETKA
30/000545,6043638,1.35,1.35,3,79.2,0,0,0,LC_BODOVI_NO_NEMA_PRESMETKA
30/000552,5346201,15.33,15.33,1,57.04,0,1,0,IMA_PRESMETKA
30/000552,5346213,0.92,0.92,1,57.04,0,0,0,LC_BODOVI_NO_NEMA_PRESMETKA
